name,bus,control,p_nom,marginal_cost
gen0,bus0,Slack,100.0,6.912694716750334
gen1,bus1,PQ,100.0,14.995219847735013
gen2,bus2,PQ,100.0,10.593388299807483
gen3,bus3,PQ,100.0,6.850458801073465
gen4,bus4,PQ,100.0,6.659616283362963
