name,bus0,bus1,x,s_nom,carrier,x_pu_eff,v_nom
line0,bus0,bus1,0.18010827757077047,99.13721144913151,AC,0.0004502706939269262,20.0
line1,bus1,bus2,0.14197804527062236,108.66714450541583,AC,0.00035494511317655587,20.0
line2,bus2,bus3,0.24518689165651378,107.44296685062147,AC,0.0006129672291412845,20.0
line3,bus3,bus4,0.2616846034629359,105.96826973823745,AC,0.0006542115086573398,20.0
