name,bus,p_set
load0,bus0,116.5397509985946
load1,bus1,59.9313181552432
load2,bus2,125.34615790772833
load3,bus3,78.63419022399442
load4,bus4,60.61089394983191
